co_municipio,no_municipio,co_regiao_geog_interm,no_regiao_geog_interm
2901353,Andorinha,2908,Juazeiro
2901809,Antônio Gonçalves,2908,Juazeiro
2905909,Campo Alegre de Lourdes,2908,Juazeiro
2906006,Campo Formoso,2908,Juazeiro
2907202,Casa Nova,2908,Juazeiro
2909901,Curaçá,2908,Juazeiro
2910859,Filadélfia,2908,Juazeiro
2917003,Itiúba,2908,Juazeiro
2917706,Jaguarari,2908,Juazeiro
2918407,Juazeiro,2908,Juazeiro
2924405,Pilão Arcado,2908,Juazeiro
2924603,Pindobaçu,2908,Juazeiro
2925253,Ponto Novo,2908,Juazeiro
2926004,Remanso,2908,Juazeiro
2930105,Senhor do Bonfim,2908,Juazeiro
2930204,Sento Sé,2908,Juazeiro
2930774,Sobradinho,2908,Juazeiro
2932002,Uauá,2908,Juazeiro
